﻿<?xml version="1.0" encoding="utf-8"?> 
<Module>
  <Name value="Tournaments XPanded"/>
  <Id value="TournamentsXPanded"/>
  <Version value="e2.0.2"/>
  <SingleplayerModule value="true"/>
  <MultiplayerModule value="false"/>
  <Official value="false"/>
  <DependedModules>
    <DependedModule Id="Native"/>
    <DependedModule Id="SandBoxCore"/>
    <DependedModule Id="Sandbox"/>
    <DependedModule Id="CustomBattle"/>
    <DependedModule Id="StoryMode" />
  </DependedModules>
  <SubModules>   
   <SubModule>
      <Name value="TournamentsXPanded"/>
      <DLLName value="TournamentsXPanded.dll"/>
      <SubModuleClassType value="TournamentsXPanded.TournamentsXPandedSubModule"/>
      <Tags>
        <Tag key="DedicatedServerType" value="none" />
        <Tag key="IsNoRenderModeElement" value="false" />
      </Tags>
    </SubModule>  	  
  </SubModules>
   <DelayedSubModules/>        
  <Xmls/>
</Module>

