<?xml version="1.0" encoding="utf-8"?>
<Module>
	<Name value = "Saddled Edge Editor"/>
	<Id value = "SaddledEdgeEditor"/>
	<Version value = "v1.4.1"/>
	<SingleplayerModule value="true"/>
	<MultiplayerModule value="false"/>
	<Official value ="false" />
	<DependedModules>
		<DependedModule Id="Native"/>
		<DependedModule Id="SandBoxCore"/>
		<DependedModule Id="Sandbox"/>
		<DependedModule Id="CustomBattle"/>
		<DependedModule Id="StoryMode"/>
	</DependedModules> 
	<SubModules>
		<SubModule>
			<Name value = "SaddledEdgeModule"/>
			<DLLName value = "SaddledEdgeModule.dll"/>
			<SubModuleClassType value = "SaddledEdgeModule.SubModule"/>
			<Tags>
				<Tag key="DedicatedServerType" value ="none" />
				<Tag key="IsNoRenderModeElement" value ="false" />
			</Tags>
		</SubModule>
	</SubModules>
	<Xmls/>
</Module>