<Module>
	<Name value="Battle Regeneration"/>
	<Id value="BattleRegeneration"/>
	<Version value="v1.1.1"/>
	<SingleplayerModule value="true"/>
	<MultiplayerModule value="false"/>
	<Official value="false"/>
	<DependedModules>
		<DependedModule Id="Native"/>
		<DependedModule Id="SandBoxCore"/>
		<DependedModule Id="Sandbox"/>
		<DependedModule Id="CustomBattle"/>
		<DependedModule Id="StoryMode"/>
	</DependedModules>
  <SubModules>
    <SubModule>
      <Name value="BattleRegen"/>
      <DLLName value="BattleRegen.dll"/>
      <SubModuleClassType value="BattleRegen.SubModule"/>
      <Tags>
        <Tag key="DedicatedServerType" value="none" />
        <Tag key="IsNoRenderModeElement" value="false" />
      </Tags>
    </SubModule>
    <SubModule>
      <Name value="MBOptionScreen" />
      <DLLName value="MBOptionScreen.v2.0.10.dll" />
      <SubModuleClassType value="MBOptionScreen.MBOptionScreenSubModuleV2010" />
      <Tags>
        <Tag key="DedicatedServerType" value="none" />
        <Tag key="IsNoRenderModeElement" value="false" />
      </Tags>
    </SubModule>
  </SubModules>
  <Xmls></Xmls>
</Module>